Number of bins,Control,Experimental
1,0.03469648361206055,0.03340885639190674
2,0.03286499977111816,0.032762336730957034
3,0.028309965133666994,0.03098440170288086
4,0.03464164733886719,0.033957481384277344
5,0.03163623809814453,0.03128652572631836
6,0.032404088973999025,0.03510217666625977
7,0.037675213813781736,0.038532447814941403
8,0.03838047981262207,0.03759157657623291
9,0.03918247222900391,0.040265560150146484
10,0.03215889930725098,0.03569395542144775
